Statistikdatum,Totalt_antal_fall,Blekinge,Dalarna,Gotland,Gävleborg,Halland,Jämtland_Härjedalen,Jönköping,Kalmar,Kronoberg,Norrbotten,Skåne,Stockholm,Sörmland,Uppsala,Värmland,Västerbotten,Västernorrland,Västmanland,Västra_Götaland,Örebro,Östergötland
2021-01-01,2618,31,20,20,33,18,3,25,78,13,43,975,238,5,85,12,13,13,68,716,71,138
2021-01-02,2531,20,9,9,27,44,7,23,83,10,20,202,760,40,128,14,36,4,0,948,92,55
2021-01-03,2754,184,211,7,10,30,95,272,38,14,30,279,161,96,78,111,7,163,4,813,84,67
2021-01-04,6984,11,28,23,263,938,9,50,174,52,28,2472,1092,59,83,15,180,40,249,647,152,419
2021-01-05,7546,284,236,36,303,434,119,432,159,232,57,1582,1313,297,314,89,142,238,171,725,116,267
2021-01-06,5029,148,133,24,177,48,98,143,147,319,203,636,823,111,220,99,87,139,187,924,109,254
2021-01-07,7150,18,24,3,85,473,12,211,254,31,44,2116,1071,64,98,22,46,77,68,2054,176,203
2021-01-08,5693,186,154,31,75,281,106,293,182,221,36,1281,828,192,184,130,108,138,15,970,90,192
2021-01-09,4736,128,124,30,208,49,54,237,96,174,149,1221,463,110,168,67,97,103,323,673,166,96
2021-01-10,2317,13,15,5,156,16,6,30,66,8,22,755,215,5,53,11,2,13,68,789,31,38
2021-01-11,4648,20,12,0,24,359,14,33,105,11,119,1861,528,33,49,37,12,29,8,848,119,427
2021-01-12,5340,226,189,25,139,397,104,290,110,195,88,480,1054,139,181,81,155,239,150,770,72,256
2021-01-13,6595,113,102,11,115,266,49,206,155,142,153,2291,716,90,122,60,30,74,111,1329,144,316
2021-01-14,4746,102,110,23,155,226,38,168,157,108,110,994,545,120,136,69,54,106,103,1169,69,184
2021-01-15,4205,69,101,10,86,203,27,162,106,104,57,887,537,77,141,44,75,107,127,982,83,220
2021-01-16,2161,84,87,13,47,41,37,168,27,119,98,309,235,7,39,45,69,62,34,500,82,58
2021-01-17,1250,7,7,1,54,10,0,17,65,4,11,325,140,38,22,8,1,0,39,404,46,51
2021-01-18,2113,6,26,2,15,183,2,27,31,5,92,709,289,21,82,19,9,51,9,151,60,324
2021-01-19,4732,153,157,13,122,300,96,280,86,172,57,995,980,110,69,66,115,151,141,396,90,183
2021-01-20,4949,61,91,9,122,211,49,193,173,81,142,947,697,109,119,41,64,111,121,1277,125,206
2021-01-21,4199,58,93,12,73,208,33,181,115,118,137,1062,586,71,192,45,66,100,17,806,77,149
2021-01-22,3723,52,58,4,92,183,20,138,85,131,82,794,552,55,112,44,60,58,153,756,100,194
2021-01-23,2368,40,72,16,71,52,38,189,56,117,50,417,324,45,84,38,73,44,53,432,101,56
2021-01-24,1147,9,14,1,11,16,10,13,13,4,18,309,117,1,36,13,2,4,46,439,29,42
2021-01-25,1885,1,10,0,6,210,10,13,58,13,56,583,262,59,1,12,13,51,16,278,51,182
2021-01-26,4188,68,118,9,139,226,62,302,19,164,79,548,1088,93,153,90,114,120,79,485,68,164
2021-01-27,4106,37,51,6,6,282,26,225,145,114,116,887,578,59,108,57,59,116,91,939,57,147
2021-01-28,2369,49,53,5,8,114,42,174,47,123,85,311,422,59,100,50,71,77,12,411,45,111
2021-01-29,4254,28,48,0,89,252,30,163,87,102,57,818,708,35,102,49,74,88,52,1179,100,193
2021-01-30,2695,29,56,10,151,21,39,152,37,84,60,615,314,24,58,35,105,44,122,554,60,125
2021-01-31,1164,2,6,0,34,23,6,7,36,3,10,342,134,2,38,14,2,16,45,309,43,92
2021-02-01,1552,4,9,0,15,148,11,9,23,3,33,428,373,46,30,11,5,47,8,240,32,77
2021-02-02,4315,86,91,5,54,320,85,295,77,104,42,593,833,86,129,98,187,152,75,825,45,133
2021-02-03,3737,26,49,3,152,206,30,173,97,118,163,799,497,58,84,39,142,102,100,669,86,144
2021-02-04,3395,32,60,8,125,163,42,134,61,60,85,585,594,51,136,76,131,91,61,725,51,124
2021-02-05,3260,23,30,0,108,173,36,183,49,100,31,487,593,57,94,71,140,91,26,751,70,147
2021-02-06,2333,37,59,1,100,23,40,137,26,76,86,326,178,20,52,40,183,86,65,614,65,119
2021-02-07,1013,3,9,2,37,10,7,10,17,3,18,215,156,3,35,14,8,2,10,322,28,104
2021-02-08,1505,3,4,1,10,191,8,11,12,20,59,283,498,3,57,3,10,14,10,191,31,86
2021-02-09,4068,42,93,1,213,312,58,282,41,124,53,205,804,114,166,104,318,160,93,705,52,128
2021-02-10,4353,33,61,11,101,196,42,211,83,104,105,886,714,73,131,62,172,79,41,1067,58,123
2021-02-11,3806,26,67,7,108,219,37,192,64,119,84,692,795,53,91,42,154,69,28,790,58,111
2021-02-12,3569,20,41,4,138,222,32,177,49,62,84,515,733,76,110,61,190,86,89,714,54,112
2021-02-13,2771,23,62,3,113,12,40,184,33,79,65,355,277,38,112,54,183,61,63,788,73,153
2021-02-14,1211,3,4,0,32,21,5,8,18,1,35,222,177,1,43,16,6,1,17,465,62,74
2021-02-15,1902,3,10,0,40,174,7,3,31,40,17,350,671,62,18,22,30,8,9,309,57,41
2021-02-16,4206,50,96,2,62,274,9,300,114,46,109,478,880,101,134,95,419,103,76,638,74,146
2021-02-17,4965,30,59,3,240,261,102,243,76,168,172,616,1066,79,164,53,207,95,80,1013,77,161
2021-02-18,4134,24,78,2,237,190,39,169,90,68,180,591,1008,64,141,77,220,62,75,618,51,150
2021-02-19,4028,25,76,4,159,244,44,174,76,67,116,601,851,85,117,90,188,70,59,797,65,120
2021-02-20,2781,40,58,4,136,23,63,187,22,62,99,343,326,67,102,42,200,40,54,678,87,148
2021-02-21,1599,1,3,0,33,16,0,3,30,2,47,246,278,0,49,31,5,22,16,708,28,81
2021-02-22,2543,2,11,1,61,253,4,12,47,3,94,264,870,34,42,13,10,1,37,590,92,102
2021-02-23,5407,37,134,3,187,324,104,365,148,70,133,446,1528,130,177,109,399,119,49,740,61,144
2021-02-24,4977,13,78,6,192,331,64,198,103,84,171,635,1035,132,126,64,195,76,102,1121,119,132
2021-02-25,4831,28,97,6,203,245,58,227,88,66,181,486,939,120,133,66,185,61,37,1409,56,140
2021-02-26,4583,20,75,4,341,228,39,191,100,55,127,539,1173,101,110,46,166,52,58,975,13,170
2021-02-27,3107,19,85,13,126,11,59,200,30,63,83,298,533,73,106,56,196,61,68,729,197,101
2021-02-28,1242,2,2,0,61,7,2,3,29,2,36,243,256,5,36,29,2,12,0,376,29,110
2021-03-01,2828,3,17,4,145,229,5,9,54,10,183,327,1056,0,37,30,8,2,54,391,126,138
2021-03-02,6191,47,142,9,407,380,81,287,144,85,211,536,1451,264,168,128,348,99,107,1058,66,173
2021-03-03,4873,26,94,15,247,281,103,234,110,80,207,504,1088,122,143,99,169,73,59,971,124,124
2021-03-04,4882,33,111,11,245,286,44,178,101,50,151,517,1077,87,149,103,189,102,103,1056,135,154
2021-03-05,4069,28,94,3,198,248,75,179,102,37,98,396,920,141,156,113,153,62,81,741,109,135
2021-03-06,3455,33,113,23,228,240,57,238,92,46,111,225,725,64,118,84,192,81,3,575,57,150
2021-03-07,1451,0,9,0,24,22,0,11,22,2,156,374,354,16,20,19,4,3,61,93,120,141
2021-03-08,1981,0,11,3,17,7,7,11,11,6,101,139,918,46,74,14,6,11,7,445,63,84
2021-03-09,5928,53,192,15,310,432,52,387,147,63,112,619,1459,180,166,165,302,156,161,701,120,136
2021-03-10,5329,29,148,15,283,320,120,230,140,47,189,416,1556,100,166,94,101,91,121,904,105,154
2021-03-11,5333,32,125,8,234,240,55,232,101,26,124,438,1266,155,172,128,124,91,91,1411,123,157
2021-03-12,4994,23,123,9,232,330,61,215,125,38,115,415,1239,139,153,97,109,75,85,1157,78,176
2021-03-13,3953,40,171,12,233,256,69,313,79,46,51,364,875,92,130,92,140,47,63,557,161,162
2021-03-14,1039,2,20,1,77,30,6,13,10,0,42,129,332,17,50,48,2,42,22,49,45,102
2021-03-15,2715,1,18,0,75,8,5,8,2,5,31,198,1175,58,73,14,20,11,5,842,60,106
2021-03-16,6787,58,209,4,300,386,96,377,221,68,61,746,1909,220,236,187,300,159,171,747,138,194
2021-03-17,6431,28,170,22,212,377,75,365,141,80,267,463,1651,186,211,129,120,131,85,1440,122,156
2021-03-18,5738,40,186,14,290,309,91,287,173,55,274,499,1199,178,219,138,140,117,94,1029,200,206
2021-03-19,5404,44,133,7,265,374,102,297,143,43,189,462,1285,199,214,124,98,130,131,915,90,159
2021-03-20,4380,40,173,13,223,299,61,291,148,68,68,413,602,103,248,109,111,87,79,921,150,173
2021-03-21,1579,0,36,9,15,23,3,30,24,1,89,181,426,45,44,55,3,8,32,277,126,152
2021-03-22,2687,0,27,1,196,224,3,14,18,12,66,176,743,134,42,18,11,12,8,698,158,126
2021-03-23,7652,102,264,19,304,554,87,344,284,71,90,641,2235,232,339,227,205,107,191,1037,125,194
2021-03-24,7707,50,237,17,255,427,73,508,213,72,104,800,1842,236,221,158,113,233,142,1632,246,128
2021-03-25,6365,48,189,8,227,343,80,275,211,42,96,535,1372,172,307,161,98,167,139,1443,201,251
2021-03-26,6294,42,180,26,224,281,60,283,271,54,126,601,1543,205,247,102,76,120,113,1362,153,225
2021-03-27,5196,60,176,36,197,350,52,304,208,74,63,461,997,102,196,140,120,148,128,1000,186,198
2021-03-28,1980,1,60,0,102,26,3,3,76,2,104,312,289,97,77,53,2,25,43,325,137,243
2021-03-29,2963,6,11,1,86,301,2,13,0,7,70,161,1042,143,126,34,4,16,17,475,243,205
2021-03-30,8468,103,309,17,296,387,65,532,345,122,99,800,2329,387,299,225,185,237,259,1039,212,221
2021-03-31,8290,69,216,35,238,374,147,325,234,105,191,691,2174,230,318,182,89,247,171,1666,358,230
2021-04-01,6977,72,192,12,96,298,89,334,261,92,218,614,1676,228,325,162,99,242,155,1337,230,245
2021-04-02,6838,94,213,28,364,277,63,316,243,118,214,618,1483,185,329,188,82,181,206,1152,247,237
2021-04-03,3404,39,148,1,113,282,34,16,5,4,89,307,694,163,151,103,4,120,26,809,74,222
2021-04-04,1449,1,8,3,4,10,3,10,38,7,64,214,354,8,154,8,4,2,0,167,183,207
2021-04-05,3103,1,10,12,137,25,71,10,5,3,94,156,1254,81,112,15,4,3,6,627,279,198
2021-04-06,6812,86,323,15,275,533,70,477,60,50,90,475,1893,339,275,280,156,213,268,557,177,200
2021-04-07,7829,109,315,23,323,332,98,307,465,185,214,1053,1452,348,315,175,156,294,160,1081,205,219
2021-04-08,7760,91,262,37,333,295,128,299,287,163,182,837,1371,208,420,227,114,324,174,1377,429,202
2021-04-09,7630,87,262,27,227,255,105,268,313,152,109,716,1776,259,303,186,105,291,235,1557,218,179
2021-04-10,5626,79,233,40,293,253,143,254,191,148,150,518,1207,120,200,187,108,297,73,844,69,219
2021-04-11,2390,2,69,0,13,18,2,6,53,5,212,357,432,137,175,89,4,3,7,324,316,166
2021-04-12,3473,2,17,15,55,224,6,10,36,11,187,264,949,136,148,26,30,35,55,884,155,228
2021-04-13,8869,175,319,13,327,334,196,413,388,165,269,898,2385,350,299,295,207,361,200,778,266,231
2021-04-14,7094,123,202,24,199,267,101,237,227,185,156,664,1563,214,297,182,95,281,146,1470,93,368
2021-04-15,7665,107,207,43,202,231,98,212,211,154,180,670,1760,159,398,211,120,358,158,1550,252,384
2021-04-16,6440,97,168,33,184,198,80,232,180,135,72,646,1537,237,269,142,91,263,155,978,395,348
2021-04-17,4984,87,178,53,169,192,101,218,224,153,70,427,856,128,206,136,93,268,125,971,79,250
2021-04-18,2514,1,43,1,69,22,8,4,78,2,151,329,481,51,147,74,29,4,83,303,222,412
2021-04-19,2713,6,15,16,59,213,7,6,24,25,182,255,720,103,107,30,11,35,10,389,175,325
2021-04-20,7538,188,307,12,247,232,159,321,337,206,212,758,1585,198,331,227,101,417,211,926,226,337
2021-04-21,7706,130,241,34,175,174,80,195,223,235,155,707,1556,246,406,140,158,331,147,1778,218,377
2021-04-22,6250,120,196,20,192,174,110,203,183,186,119,725,1464,203,274,195,125,288,152,757,184,380
2021-04-23,5503,94,177,20,144,141,74,186,234,154,88,526,1329,128,206,150,114,215,121,913,182,307
2021-04-24,4568,99,182,28,158,142,80,187,145,176,88,490,894,95,220,116,144,221,121,606,182,194
2021-04-25,1756,21,43,0,35,4,10,10,49,7,74,343,460,66,95,83,1,5,61,77,55,257
2021-04-26,3069,6,15,8,34,149,4,10,16,19,127,285,1079,96,80,25,14,28,27,521,246,280
2021-04-27,7267,183,286,13,206,182,156,345,335,266,99,856,1362,232,290,252,238,372,196,981,193,224
2021-04-28,7144,102,196,7,146,142,67,245,215,224,145,791,1751,187,261,135,102,252,142,1449,197,388
2021-04-29,5931,96,185,13,159,119,90,166,211,180,248,745,1343,192,271,140,104,236,125,779,205,324
2021-04-30,5424,84,145,21,113,141,89,194,240,155,196,684,1202,109,182,126,111,184,173,749,154,372
2021-05-01,4753,73,188,1,112,121,85,205,135,195,121,571,1155,117,133,98,111,175,82,594,157,324
2021-05-02,1718,11,6,16,5,3,3,5,67,7,9,325,458,68,139,7,8,8,0,230,47,296
2021-05-03,3069,1,16,9,43,153,16,4,7,14,155,284,1120,143,127,141,3,12,10,430,152,229
2021-05-04,7036,155,268,14,249,160,123,392,348,282,206,975,1264,176,253,153,213,311,267,736,196,295
2021-05-05,6482,95,147,28,167,66,101,216,228,215,134,742,1414,161,257,94,98,220,231,1383,174,311
2021-05-06,5717,91,159,12,137,180,111,207,199,200,277,709,1200,160,188,109,146,202,137,747,204,342
2021-05-07,5245,44,151,25,140,119,81,202,204,143,128,720,1297,137,120,84,109,176,136,832,135,262
2021-05-08,4476,67,122,17,126,94,83,165,167,225,57,629,959,85,141,75,106,153,140,838,19,208
2021-05-09,1657,2,34,0,44,5,4,18,45,2,90,229,376,30,111,53,6,0,89,123,200,196
2021-05-10,2461,1,10,10,19,119,7,3,5,12,86,251,905,71,117,22,11,24,43,470,122,153
2021-05-11,6312,118,254,16,180,117,115,330,252,285,155,854,1076,222,168,127,200,230,161,881,194,377
2021-05-12,5269,54,147,23,143,116,71,139,166,105,333,699,1214,161,165,85,72,111,134,979,167,185
2021-05-13,3918,46,141,15,114,75,64,150,129,230,247,685,768,67,84,64,114,120,138,293,154,220
2021-05-14,2579,2,81,10,26,64,2,6,49,5,93,353,586,127,73,44,12,27,3,696,80,240
2021-05-15,3969,70,100,22,175,57,109,172,137,140,66,613,755,75,88,42,110,103,167,655,132,181
2021-05-16,1408,1,11,0,34,4,1,1,30,44,39,168,288,20,92,33,3,29,0,441,105,64
2021-05-17,2105,0,14,10,19,113,8,7,17,6,61,186,743,61,89,11,12,12,34,458,61,183
2021-05-18,4643,69,172,7,124,91,102,232,158,149,186,753,644,128,109,88,159,154,118,924,160,116
2021-05-19,3410,48,92,16,94,83,51,115,90,93,244,469,660,72,93,59,59,59,55,678,98,182
2021-05-20,3166,36,75,5,67,91,54,115,97,78,214,407,484,95,110,53,83,79,104,695,100,124
2021-05-21,2318,17,56,15,70,55,35,99,60,52,123,359,402,77,34,53,63,60,54,429,89,116
2021-05-22,1909,38,76,12,34,46,39,108,54,70,132,262,305,15,25,31,64,53,37,345,83,80
2021-05-23,620,0,5,2,40,10,1,3,29,2,47,56,151,1,27,17,1,0,0,114,50,64
2021-05-24,1194,0,3,3,21,63,2,3,10,1,91,152,409,61,134,6,3,11,7,127,24,63
2021-05-25,2739,48,80,8,74,81,8,156,112,86,209,322,367,68,89,61,100,58,72,551,76,113
2021-05-26,1419,22,44,6,38,62,45,33,52,2,101,224,153,39,45,19,37,47,52,322,48,28
2021-05-27,92,0,0,0,0,0,0,0,0,0,92,0,0,0,0,0,0,0,0,0,0,0
2021-05-28,297,0,0,0,0,6,7,8,23,0,89,16,0,0,0,0,0,14,0,1,0,133
2021-05-29,285,0,0,0,0,1,0,50,0,0,31,43,0,0,3,0,7,24,0,0,126,0
2021-05-30,1948,49,134,11,84,19,74,13,18,187,5,17,550,131,1,127,87,91,91,141,26,92
2021-05-31,1902,1,2,2,9,152,1,221,90,1,125,516,142,21,214,31,10,20,4,252,39,49
2021-06-01,2786,31,78,3,43,37,34,102,54,45,104,241,613,57,58,99,65,55,47,974,43,3
2021-06-02,1365,16,33,4,27,50,12,70,30,36,126,145,243,22,24,77,32,27,29,293,23,46
2021-06-03,1080,20,29,4,20,40,9,35,38,31,86,148,145,16,51,76,30,24,30,152,27,69
2021-06-04,989,22,21,6,25,32,8,55,19,29,100,151,143,17,34,65,20,26,16,153,17,30
2021-06-05,758,8,41,1,27,36,11,49,9,44,28,115,85,22,17,77,22,21,25,84,15,21
2021-06-06,222,0,0,2,0,1,0,0,7,1,24,27,52,7,1,31,2,0,2,29,16,20
2021-06-07,490,1,1,5,2,29,0,1,4,5,61,64,136,5,21,32,0,3,4,71,17,28
2021-06-08,1183,30,42,4,31,35,18,75,27,37,92,134,162,17,37,113,47,34,34,164,27,23
2021-06-09,825,21,14,1,12,28,5,42,24,31,70,108,93,20,17,88,13,12,22,150,20,34
2021-06-10,729,6,21,2,9,10,7,35,19,41,60,78,132,18,25,76,25,10,26,89,19,21
2021-06-11,485,7,5,2,4,9,1,24,17,26,64,75,62,2,14,52,12,9,7,63,13,17
2021-06-12,524,17,14,1,10,12,3,34,9,30,7,62,97,8,2,61,16,7,32,70,11,21
2021-06-13,160,1,5,0,0,2,0,0,4,2,1,45,28,2,4,43,0,0,3,6,2,12
2021-06-14,0,0,0,0,0,0,0,0,0,0,0,0,0,0,0,0,0,0,0,0,0,0
2021-06-15,1,0,0,0,0,0,0,0,0,0,0,1,0,0,0,0,0,0,0,0,0,0
2021-06-16,36,0,0,0,0,0,0,0,0,0,35,1,0,0,0,0,0,0,0,0,0,0
2021-06-17,2190,46,44,7,24,29,6,110,27,99,340,217,345,36,90,255,53,26,64,282,33,57
2021-06-18,601,12,11,0,3,29,0,23,69,2,58,123,85,5,5,70,7,5,15,65,9,5
2021-06-19,19,0,0,0,0,0,0,0,0,0,16,2,0,0,0,0,0,0,0,1,0,0
2021-06-20,1,0,0,0,0,0,0,0,0,0,1,0,0,0,0,0,0,0,0,0,0,0
2021-06-21,678,12,14,5,4,24,5,26,16,46,74,98,128,0,17,89,11,5,17,58,16,13
2021-06-22,505,11,15,0,4,8,3,42,13,23,22,57,72,19,14,71,18,3,14,72,12,12
2021-06-23,379,5,7,5,3,10,1,17,8,10,50,54,62,2,4,37,5,5,12,63,8,11
2021-06-24,373,11,5,2,2,12,1,16,10,5,88,38,55,8,1,39,7,8,8,41,5,11
2021-06-25,31,0,0,0,0,0,0,0,0,0,31,0,0,0,0,0,0,0,0,0,0,0
2021-06-26,8,0,0,0,0,0,0,0,0,0,8,0,0,0,0,0,0,0,0,0,0,0
2021-06-27,8,0,0,0,0,0,0,0,0,0,6,1,1,0,0,0,0,0,0,0,0,0
2021-06-28,443,4,5,1,6,17,2,18,3,10,0,72,123,14,4,56,2,4,10,57,12,23
2021-06-29,250,0,2,0,2,10,0,29,7,20,20,21,61,6,14,6,12,2,0,23,11,4
2021-06-30,560,9,16,1,32,13,4,14,2,13,56,56,53,9,8,85,18,11,13,113,22,12
2021-07-01,284,0,8,0,7,21,1,10,7,9,30,26,64,5,13,19,9,3,3,32,9,8
2021-07-02,327,6,7,3,3,16,2,10,3,4,16,28,80,5,16,20,11,10,2,68,5,12
2021-07-03,3,0,0,0,0,0,0,0,0,0,3,0,0,0,0,0,0,0,0,0,0,0
2021-07-04,2,0,0,0,0,0,0,0,0,0,2,0,0,0,0,0,0,0,0,0,0,0
2021-07-05,415,5,6,2,10,19,2,13,5,6,2,56,146,5,18,14,8,9,5,51,12,21
2021-07-06,369,2,11,1,3,22,14,19,11,5,7,41,95,10,13,16,7,7,8,55,11,11
2021-07-07,258,2,3,4,5,8,2,14,0,5,7,30,70,7,14,13,5,2,3,49,5,10
2021-07-08,237,2,2,2,3,8,7,8,2,6,9,26,69,6,10,5,5,0,2,54,3,8
2021-07-09,228,0,0,1,6,6,3,14,4,4,11,22,71,9,5,10,4,1,1,41,5,10
2021-07-10,7,0,0,0,0,0,0,0,0,0,5,2,0,0,0,0,0,0,0,0,0,0
2021-07-11,0,0,0,0,0,0,0,0,0,0,0,0,0,0,0,0,0,0,0,0,0,0
2021-07-12,442,1,5,3,6,20,4,12,7,9,5,58,181,6,14,15,4,2,1,65,8,16
2021-07-13,373,9,8,2,11,17,2,9,4,7,5,47,116,13,7,8,6,3,6,80,6,7
2021-07-14,349,2,2,1,2,14,0,12,8,6,10,63,110,5,15,9,5,1,5,65,2,12
2021-07-15,366,0,8,3,3,13,1,4,1,11,3,47,136,8,8,11,2,3,2,91,3,8
2021-07-16,337,2,5,0,5,12,0,7,3,4,17,67,102,5,8,5,10,3,2,71,4,5
2021-07-17,11,0,0,0,0,0,0,0,0,0,7,4,0,0,0,0,0,0,0,0,0,0
2021-07-18,6,0,0,0,0,0,0,0,0,0,2,2,2,0,0,0,0,0,0,0,0,0
2021-07-19,628,2,1,6,5,35,2,13,5,8,1,100,293,4,13,21,14,6,2,81,4,12
2021-07-20,517,1,1,2,10,25,1,6,13,19,6,95,148,10,18,5,2,4,7,124,6,14
2021-07-21,582,5,8,5,7,19,6,13,11,13,11,63,246,11,11,21,19,7,4,83,11,8
2021-07-22,477,3,1,10,7,19,2,7,7,10,8,61,186,3,10,15,8,8,5,86,10,11
2021-07-23,445,4,2,2,11,20,1,10,8,6,9,81,158,4,18,10,4,2,9,70,10,6
2021-07-24,11,0,0,0,0,0,0,0,0,0,9,2,0,0,0,0,0,0,0,0,0,0
2021-07-25,2,0,0,0,0,0,0,0,0,0,0,2,0,0,0,0,0,0,0,0,0,0
2021-07-26,839,1,7,11,9,51,13,8,11,7,0,108,385,10,22,21,8,13,12,88,22,32
2021-07-27,653,3,13,2,23,27,15,17,16,7,2,105,190,14,22,17,9,13,22,105,13,18
2021-07-28,656,2,5,24,3,29,3,8,7,6,14,89,224,30,15,15,8,7,22,110,9,26
2021-07-29,621,1,5,31,5,26,8,16,7,8,6,75,235,22,12,10,11,10,9,94,12,18
2021-07-30,685,2,6,25,10,27,6,9,6,6,76,86,221,22,15,10,7,7,10,102,10,22
2021-07-31,4,0,0,0,0,0,0,0,0,0,2,1,1,0,0,0,0,0,0,0,0,0
2021-08-01,1,0,0,0,0,0,0,0,0,0,1,0,0,0,0,0,0,0,0,0,0,0
2021-08-02,1152,3,9,44,24,41,3,11,5,8,3,125,588,18,29,21,18,7,20,118,17,40
2021-08-03,959,13,18,13,22,39,28,36,15,16,14,119,257,33,26,28,46,19,40,142,17,18
2021-08-04,852,1,6,51,7,23,0,23,4,5,15,78,312,13,16,37,86,1,23,115,17,19
2021-08-05,819,9,17,2,15,28,7,24,14,12,8,78,277,15,32,43,57,17,38,105,13,8
2021-08-06,818,10,20,24,10,25,1,12,8,14,11,83,314,10,22,27,38,13,35,100,17,24
2021-08-07,6,0,0,0,0,0,0,0,0,0,6,0,0,0,0,0,0,0,0,0,0,0
2021-08-08,3,0,0,0,0,0,0,0,0,0,1,2,0,0,0,0,0,0,0,0,0,0
2021-08-09,1487,6,23,48,47,48,28,18,20,8,3,130,637,31,25,33,73,12,32,160,46,59
2021-08-10,1203,22,29,14,21,43,1,28,23,21,14,137,372,29,40,23,74,19,53,194,26,20
2021-08-11,1056,12,20,7,11,33,22,28,9,6,9,144,339,20,36,41,64,8,45,143,19,40
2021-08-12,1041,10,25,22,20,34,9,23,16,12,13,93,370,19,32,26,44,18,31,168,29,27
2021-08-13,1017,6,16,10,53,32,8,46,11,7,16,131,328,17,24,17,40,12,31,143,28,41
2021-08-14,7,0,0,0,0,1,0,0,0,0,5,1,0,0,0,0,0,0,0,0,0,0
2021-08-15,10,0,0,0,0,0,0,0,0,0,7,3,0,0,0,0,0,0,0,0,0,0
2021-08-16,1781,3,28,25,26,97,7,51,23,10,0,248,757,19,47,31,50,13,42,198,50,56
2021-08-17,1331,16,12,8,28,40,3,71,36,17,10,154,383,34,46,34,76,22,51,201,45,44
2021-08-18,1276,19,36,14,14,37,23,50,33,33,18,192,338,26,28,20,30,13,32,240,33,47
2021-08-19,1027,6,3,3,9,31,30,29,22,10,21,167,337,16,30,19,27,10,38,174,17,28
2021-08-20,1045,7,35,1,14,48,23,31,24,11,10,158,268,21,31,18,19,9,49,204,31,33
2021-08-21,1,0,0,0,0,0,0,0,0,0,1,0,0,0,0,0,0,0,0,0,0,0
2021-08-22,3,0,0,0,0,0,0,0,0,0,1,2,0,0,0,0,0,0,0,0,0,0
2021-08-23,1709,6,42,24,30,82,10,28,23,30,2,267,649,15,37,27,24,10,36,244,46,77
2021-08-24,1271,22,4,5,28,42,18,57,41,33,3,142,277,33,55,40,53,16,65,266,27,44
2021-08-25,1516,8,67,10,17,33,6,33,28,23,3,296,388,18,33,28,23,25,53,329,38,57
2021-08-26,1271,24,5,7,26,35,20,35,24,29,6,195,325,21,26,17,30,17,37,323,35,34
2021-08-27,918,0,51,9,19,31,3,21,12,21,1,100,294,16,18,16,23,2,24,188,35,34
2021-08-28,2,0,0,0,0,0,0,0,0,0,0,2,0,0,0,0,0,0,0,0,0,0
2021-08-29,3,0,0,0,0,0,1,0,0,0,0,1,1,0,0,0,0,0,0,0,0,0
2021-08-30,2353,24,47,7,28,73,31,56,32,13,15,421,837,25,22,33,28,22,43,436,60,100
2021-08-31,1026,8,34,2,30,26,1,58,38,44,1,106,283,30,39,32,13,8,71,119,34,49
2021-09-01,1104,35,23,6,24,35,15,32,35,22,6,216,323,46,5,17,23,9,46,152,10,24
2021-09-02,1424,19,39,3,32,39,11,52,24,36,9,180,348,28,64,24,23,20,46,336,42,49
2021-09-03,1324,14,39,7,26,34,12,25,17,55,10,222,288,42,46,23,27,13,37,304,33,50
2021-09-04,1,0,0,0,0,0,0,0,0,0,0,1,0,0,0,0,0,0,0,0,0,0
2021-09-05,10,0,0,0,0,4,0,0,0,0,5,1,0,0,0,0,0,0,0,0,0,0
2021-09-06,2179,3,22,6,1,51,0,10,41,39,6,320,870,29,60,30,23,6,1,444,113,104
2021-09-07,1406,31,97,5,61,27,18,55,29,47,19,207,270,44,29,29,30,4,82,228,47,47
2021-09-08,1400,9,18,4,24,29,13,64,17,31,17,169,398,34,29,22,77,25,11,326,34,49
2021-09-09,1482,28,67,7,34,47,16,62,18,32,14,161,343,28,38,18,25,13,73,378,29,51
2021-09-10,1516,17,40,11,20,77,10,39,23,26,21,175,310,27,44,14,42,14,43,453,79,31
2021-09-11,2,0,0,0,0,0,0,0,0,0,2,0,0,0,0,0,0,0,0,0,0,0
2021-09-12,0,0,0,0,0,0,0,0,0,0,0,0,0,0,0,0,0,0,0,0,0,0
2021-09-13,2141,7,45,6,27,77,16,55,33,14,10,270,672,30,73,21,63,16,44,500,69,93
2021-09-14,1116,13,70,0,36,36,5,55,30,39,12,121,267,22,33,9,31,13,37,231,39,17
2021-09-15,1186,4,32,4,13,27,18,41,20,13,5,145,360,9,42,8,76,13,31,247,29,49
2021-09-16,1001,12,39,0,14,51,15,36,10,15,10,143,220,20,27,10,31,12,27,250,28,31
2021-09-17,827,6,29,2,13,18,9,29,9,9,10,83,229,5,28,6,42,13,56,179,23,29
2021-09-18,1,0,0,0,0,0,0,0,0,0,0,1,0,0,0,0,0,0,0,0,0,0
2021-09-19,0,0,0,0,0,0,0,0,0,0,0,0,0,0,0,0,0,0,0,0,0,0
2021-09-20,1183,8,17,0,11,34,7,33,2,7,17,150,413,16,50,13,76,9,36,216,29,39
2021-09-21,890,9,43,2,15,17,3,35,18,15,10,100,242,14,23,28,58,10,51,109,38,50
2021-09-22,738,6,14,0,11,34,8,19,5,11,26,78,201,15,24,9,80,4,37,124,20,12
2021-09-23,769,5,29,4,12,16,6,29,7,8,18,84,185,18,24,8,40,4,42,179,30,21
